level	start	end	color	opacity	title	initiation	in	out	children	parents	prof_uid
1	5431985	5432055	#FFC0CB	1.0	ProfTask <50>						548191
1	5436243	5436247	#FFC0CB	1.0	ProfTask <54>						548193
1	5547558	5547565	#FFC0CB	1.0	ProfTask						548195
1	5619912	5619924	#FFC0CB	1.0	ProfTask <223>						548197
1	5620743	5620753	#FFC0CB	1.0	ProfTask <224>						548199
1	5741041	5741079	#FFC0CB	1.0	ProfTask <335>						548201
1	5741166	5741170	#FFC0CB	1.0	ProfTask <336>						548203
1	5751684	5751694	#FFC0CB	1.0	ProfTask <345>						548205
1	5797505	5797518	#FFC0CB	1.0	ProfTask <386>						548207
1	5806275	5806284	#FFC0CB	1.0	ProfTask <394>						548209
1	5829998	5830008	#FFC0CB	1.0	ProfTask <415>						548211
1	5852573	5852614	#FFC0CB	1.0	ProfTask <435>						548213
1	5857081	5857085	#FFC0CB	1.0	ProfTask <439>						548215
1	6002111	6002119	#FFC0CB	1.0	ProfTask <569>						548217
1	6083864	6083877	#FFC0CB	1.0	ProfTask <641>						548219
1	6162732	6162741	#FFC0CB	1.0	ProfTask <710>						548221
1	6164157	6164176	#FFC0CB	1.0	ProfTask <713>						548223
1	6164423	6164427	#FFC0CB	1.0	ProfTask <712>						548225
1	6166843	6166846	#FFC0CB	1.0	ProfTask <715>						548227
1	6169737	6169741	#FFC0CB	1.0	ProfTask <717>						548229
1	6171956	6171960	#FFC0CB	1.0	ProfTask <719>						548231
1	6180126	6180135	#FFC0CB	1.0	ProfTask <726>						548233
1	6185527	6185531	#FFC0CB	1.0	ProfTask <731>						548235
1	6189322	6189331	#FFC0CB	1.0	ProfTask <734>						548237
1	6194542	6194547	#FFC0CB	1.0	ProfTask <739>						548239
1	6209809	6209819	#FFC0CB	1.0	ProfTask <757>						548241
1	6213891	6213896	#FFC0CB	1.0	ProfTask <756>						548243
1	6227959	6227962	#FFC0CB	1.0	ProfTask <770>						548245
1	6231441	6231457	#FFC0CB	1.0	ProfTask <773>						548247
1	6239050	6239061	#FFC0CB	1.0	ProfTask <780>						548249
1	6242434	6242442	#FFC0CB	1.0	ProfTask <783>						548251
1	6244979	6244984	#FFC0CB	1.0	ProfTask <785>						548253
1	6248074	6248191	#008aff	1.0	__binary_double_double_- <788>						119479
1	6248507	6248517	#FFC0CB	1.0	ProfTask <788>						548255
1	6253205	6253210	#FFC0CB	1.0	ProfTask <792>						548257
1	6280491	6280502	#FFC0CB	1.0	ProfTask <816>						548259
1	6282892	6282896	#FFC0CB	1.0	ProfTask <818>						548261
1	6304341	6304355	#FFC0CB	1.0	ProfTask <837>						548263
1	6314609	6314616	#FFC0CB	1.0	ProfTask <846>						548265
1	6327059	6327067	#FFC0CB	1.0	ProfTask <857>						548267
1	6420065	6420077	#FFC0CB	1.0	ProfTask <935>						548269
1	6439495	6439499	#FFC0CB	1.0	ProfTask <953>						548271
1	6482402	6482406	#FFC0CB	1.0	ProfTask <990>						548273
1	6498100	6498109	#FFC0CB	1.0	ProfTask <1004>						548275
1	6518378	6518382	#FFC0CB	1.0	ProfTask <1022>						548277
1	6531017	6531037	#FFC0CB	1.0	ProfTask <1033>						548279
1	6533281	6533285	#FFC0CB	1.0	ProfTask <1035>						548281
1	6545736	6545740	#FFC0CB	1.0	ProfTask <1046>						548283
1	6548206	6548209	#FFC0CB	1.0	ProfTask <1049>						548285
1	6579634	6579662	#FFC0CB	1.0	ProfTask <1070>						548287
1	6579972	6579982	#FFC0CB	1.0	ProfTask <1075>						548289
1	6721495	6721506	#FFC0CB	1.0	ProfTask <1200>						548291
1	6737149	6737162	#FFC0CB	1.0	ProfTask <1214>						548293
1	6791874	6791881	#FFC0CB	1.0	ProfTask <1262>						548295
1	6806690	6806700	#FFC0CB	1.0	ProfTask <1276>						548297
1	6873185	6873192	#FFC0CB	1.0	ProfTask <1337>						548299
1	6899993	6899997	#FFC0CB	1.0	ProfTask <1361>						548301
1	6902372	6902375	#FFC0CB	1.0	ProfTask <1363>						548303
1	6909171	6909174	#FFC0CB	1.0	ProfTask <1369>						548305
1	6942672	6942682	#FFC0CB	1.0	ProfTask <1399>						548307
1	6970697	6970708	#FFC0CB	1.0	ProfTask <1423>						548309
1	7011803	7011814	#FFC0CB	1.0	ProfTask <1459>						548311
1	7111804	7111814	#FFC0CB	1.0	ProfTask <1547>						548313
1	7120886	7120890	#FFC0CB	1.0	ProfTask <1555>						548315
1	7134558	7134563	#FFC0CB	1.0	ProfTask <1567>						548317
1	7324992	7325018	#FFC0CB	1.0	ProfTask <1739>						548319
1	7385064	7385076	#FFC0CB	1.0	ProfTask <1793>						548321
1	7401592	7401600	#FFC0CB	1.0	ProfTask <1806>						548323
1	7410390	7410404	#FFC0CB	1.0	ProfTask <1816>						548325
1	7419103	7419108	#FFC0CB	1.0	ProfTask <1824>						548327
1	7431365	7431393	#FFC0CB	1.0	ProfTask <1834>						548329
1	7446486	7446490	#FFC0CB	1.0	ProfTask <1848>						548331
1	7456585	7456588	#FFC0CB	1.0	ProfTask <1857>						548333
1	7466736	7466740	#FFC0CB	1.0	ProfTask <1866>						548335
1	7470033	7470036	#FFC0CB	1.0	ProfTask <1869>						548337
1	7523949	7523952	#FFC0CB	1.0	ProfTask <1917>						548339
1	7534213	7534222	#FFC0CB	1.0	ProfTask <1926>						548341
1	7540831	7540834	#FFC0CB	1.0	ProfTask <1932>						548343
1	7544185	7544188	#FFC0CB	1.0	ProfTask <1935>						548345
1	7588510	7588514	#FFC0CB	1.0	ProfTask <1974>						548347
1	7598734	7598737	#FFC0CB	1.0	ProfTask <1983>						548349
1	7605660	7605668	#FFC0CB	1.0	ProfTask <1989>						548351
1	7609015	7609018	#FFC0CB	1.0	ProfTask <1992>						548353
1	7615646	7615650	#FFC0CB	1.0	ProfTask <1998>						548355
1	7666847	7666869	#FFC0CB	1.0	ProfTask <2042>						548357
1	7684961	7684971	#FFC0CB	1.0	ProfTask <2058>						548359
1	7724367	7724379	#FFC0CB	1.0	ProfTask <2092>						548361
1	7735302	7735309	#FFC0CB	1.0	ProfTask <2103>						548363
1	7867381	7867388	#FFC0CB	1.0	ProfTask <2222>						548365
1	8112826	8112841	#FFC0CB	1.0	ProfTask <2447>						548367
1	8123804	8123815	#FFC0CB	1.0	ProfTask <2457>						548369
1	8124076	8124086	#FFC0CB	1.0	ProfTask <2457>						548371
1	8142333	8142338	#FFC0CB	1.0	ProfTask <2474>						548373
1	8143111	8143121	#FFC0CB	1.0	ProfTask <2474>						548375
1	8156219	8156228	#FFC0CB	1.0	ProfTask <2485>						548377
1	8163251	8163261	#FFC0CB	1.0	ProfTask <2491>						548379
1	8223949	8223959	#FFC0CB	1.0	ProfTask <2544>						548381
1	8256004	8256013	#FFC0CB	1.0	ProfTask <2573>						548383
1	8265884	8265888	#FFC0CB	1.0	ProfTask <2582>						548385
1	8270038	8270048	#FFC0CB	1.0	ProfTask <2585>						548387
1	8343607	8343610	#FFC0CB	1.0	ProfTask <2657>						548389
1	8344376	8344380	#FFC0CB	1.0	ProfTask <2651>						548391
1	8426750	8426763	#FFC0CB	1.0	ProfTask <2727>						548393
1	8475787	8475792	#FFC0CB	1.0	ProfTask <2769>						548395
1	8494141	8494146	#FFC0CB	1.0	ProfTask <2785>						548397
1	8509513	8509523	#FFC0CB	1.0	ProfTask <2798>						548399
1	8650748	8650760	#FFC0CB	1.0	ProfTask <2925>						548401
1	8678231	8678241	#FFC0CB	1.0	ProfTask <2950>						548403
1	8690498	8690521	#FFC0CB	1.0	ProfTask <2960>						548405
1	8690753	8690757	#FFC0CB	1.0	ProfTask <2960>						548407
1	8705603	8705612	#FFC0CB	1.0	ProfTask <2974>						548409
1	8878040	8878050	#FFC0CB	1.0	ProfTask <3124>						548411
1	8881067	8881071	#FFC0CB	1.0	ProfTask <3127>						548413
1	8924559	8924588	#FFC0CB	1.0	ProfTask <3165>						548415
1	8927189	8927200	#FFC0CB	1.0	ProfTask <3167>						548417
1	9023122	9023134	#FFC0CB	1.0	ProfTask <3255>						548419
1	9138784	9138788	#FFC0CB	1.0	ProfTask <3358>						548421
1	9199244	9199255	#FFC0CB	1.0	ProfTask <3413>						548423
1	9239756	9239765	#FFC0CB	1.0	ProfTask <3448>						548425
1	9244425	9244429	#FFC0CB	1.0	ProfTask <3453>						548427
1	9282894	9282904	#FFC0CB	1.0	ProfTask <3486>						548429
1	9325435	9325438	#FFC0CB	1.0	ProfTask <3523>						548431
1	9332111	9332118	#FFC0CB	1.0	ProfTask <3529>						548433
1	9411263	9411300	#FFC0CB	1.0	ProfTask <3597>						548435
1	9424123	9424127	#FFC0CB	1.0	ProfTask <3609>						548437
1	9460034	9460044	#FFC0CB	1.0	ProfTask <3638>						548439
1	9460990	9460994	#FFC0CB	1.0	ProfTask <3639>						548441
1	9482178	9482183	#FFC0CB	1.0	ProfTask <3657>						548443
1	9513692	9513695	#FFC0CB	1.0	ProfTask <3684>						548445
1	9587930	9587940	#FFC0CB	1.0	ProfTask <3751>						548447
1	9598528	9598531	#FFC0CB	1.0	ProfTask <3761>						548449
1	9612179	9612183	#FFC0CB	1.0	ProfTask <3773>						548451
1	9619080	9619083	#FFC0CB	1.0	ProfTask <3779>						548453
1	9628641	9628645	#FFC0CB	1.0	ProfTask <3787>						548455
1	9630829	9630837	#FFC0CB	1.0	ProfTask <3789>						548457
1	9635298	9635301	#FFC0CB	1.0	ProfTask <3793>						548459
1	9646451	9646455	#FFC0CB	1.0	ProfTask <3803>						548461
1	9669567	9669570	#FFC0CB	1.0	ProfTask <3823>						548463
1	9715227	9715231	#FFC0CB	1.0	ProfTask <3863>						548465
1	9720706	9720715	#FFC0CB	1.0	ProfTask <3867>						548467
1	9815886	9815890	#FFC0CB	1.0	ProfTask <3947>						548469
1	9822592	9822599	#FFC0CB	1.0	ProfTask <3953>						548471
1	9829447	9829451	#FFC0CB	1.0	ProfTask <3959>						548473
1	9832820	9832823	#FFC0CB	1.0	ProfTask <3962>						548475
1	9850885	9850893	#FFC0CB	1.0	ProfTask <3977>						548477
1	9857557	9857567	#FFC0CB	1.0	ProfTask <3983>						548479
1	9915865	9915878	#FFC0CB	1.0	ProfTask <4034>						548481
1	9929014	9929018	#FFC0CB	1.0	ProfTask <4046>						548483
1	9950290	9950299	#FFC0CB	1.0	ProfTask <4064>						548485
1	9978079	9978082	#FFC0CB	1.0	ProfTask <4088>						548487
1	10002905	10002913	#FFC0CB	1.0	ProfTask <4110>						548489
1	10142615	10142619	#FFC0CB	1.0	ProfTask <4238>						548491
1	10143247	10143251	#FFC0CB	1.0	ProfTask <4232>						548493
1	10184113	10184117	#FFC0CB	1.0	ProfTask <4272>						548495
1	10244216	10244220	#FFC0CB	1.0	ProfTask <4326>						548497
1	10270754	10270771	#FFC0CB	1.0	ProfTask <4350>						548499
1	10277451	10277455	#FFC0CB	1.0	ProfTask <4356>						548501
1	10279587	10279592	#FFC0CB	1.0	ProfTask <4358>						548503
1	10284343	10284350	#FFC0CB	1.0	ProfTask <4362>						548505
1	10293651	10293661	#FFC0CB	1.0	ProfTask <4370>						548507
1	10298151	10298156	#FFC0CB	1.0	ProfTask <4374>						548509
1	10302628	10302637	#FFC0CB	1.0	ProfTask <4378>						548511
1	10307134	10307144	#FFC0CB	1.0	ProfTask <4382>						548513
1	10309164	10309169	#FFC0CB	1.0	ProfTask <4384>						548515
1	10309348	10309352	#FFC0CB	1.0	ProfTask <4384>						548517
1	10311323	10311326	#FFC0CB	1.0	ProfTask <4386>						548519
1	10311451	10311463	#FFC0CB	1.0	ProfTask <4386>						548521
1	10311658	10311661	#FFC0CB	1.0	ProfTask <4386>						548523
1	10313747	10313750	#FFC0CB	1.0	ProfTask <4388>						548525
1	10315944	10315950	#FFC0CB	1.0	ProfTask <4390>						548527
1	10316291	10316295	#FFC0CB	1.0	ProfTask <4390>						548529
1	10318646	10318649	#FFC0CB	1.0	ProfTask <4392>						548531
1	10326189	10326208	#FFC0CB	1.0	ProfTask <4398>						548533
1	10326527	10326531	#FFC0CB	1.0	ProfTask <4398>						548535
1	10328661	10328666	#FFC0CB	1.0	ProfTask <4400>						548537
1	10331250	10331254	#FFC0CB	1.0	ProfTask <4402>						548539
1	10333543	10333556	#FFC0CB	1.0	ProfTask <4404>						548541
1	10335891	10335895	#FFC0CB	1.0	ProfTask <4406>						548543
1	10338156	10338160	#FFC0CB	1.0	ProfTask <4408>						548545
1	10340262	10340266	#FFC0CB	1.0	ProfTask <4410>						548547
1	10340281	10340285	#FFC0CB	1.0	ProfTask <4410>						548549
1	10340455	10340462	#FFC0CB	1.0	ProfTask <4410>						548551
1	10344692	10344695	#FFC0CB	1.0	ProfTask <4414>						548553
1	10347350	10347354	#FFC0CB	1.0	ProfTask <4416>						548555
1	10349024	10349027	#FFC0CB	1.0	ProfTask <4417>						548557
1	10349258	10349364	#00ff15	1.0	__binary_double_double_+ <4418>						54435
1	10352046	10352058	#FFC0CB	1.0	ProfTask <4420>						548559
1	10356647	10356652	#FFC0CB	1.0	ProfTask <4424>						548561
1	10386451	10386477	#FFC0CB	1.0	ProfTask <4452>						548563
1	10434970	10434978	#FFC0CB	1.0	ProfTask <4495>						548565
1	10506680	10506685	#FFC0CB	1.0	ProfTask <4559>						548567
1	10525892	10525904	#FFC0CB	1.0	ProfTask <4576>						548569
1	10557631	10557728	#3a00ff	1.0	__binary_double_double_* <4604>						121655
1	10578336	10578345	#FFC0CB	1.0	ProfTask <4622>						548571
1	10614835	10614844	#FFC0CB	1.0	ProfTask <4654>						548573
1	10643827	10643832	#FFC0CB	1.0	ProfTask <4680>						548575
1	10671770	10671774	#FFC0CB	1.0	ProfTask <4705>						548577
1	10834055	10834087	#FFC0CB	1.0	ProfTask <4852>						548579
1	10877745	10877749	#FFC0CB	1.0	ProfTask <4890>						548581
1	10886078	10886081	#FFC0CB	1.0	ProfTask <4897>						548583
1	10906458	10906462	#FFC0CB	1.0	ProfTask <4915>						548585
1	10910969	10910977	#FFC0CB	1.0	ProfTask <4919>						548587
1	11020184	11020195	#FFC0CB	1.0	ProfTask <5017>						548589
1	11032808	11032831	#FFC0CB	1.0	ProfTask <5028>						548591
1	11042684	11042694	#FFC0CB	1.0	ProfTask <5037>						548593
1	11052725	11052734	#FFC0CB	1.0	ProfTask <5046>						548595
1	11062028	11062031	#FFC0CB	1.0	ProfTask <5054>						548597
1	11074580	11074583	#FFC0CB	1.0	ProfTask <5065>						548599
1	11076610	11076614	#FFC0CB	1.0	ProfTask <5067>						548601
1	11076633	11076636	#FFC0CB	1.0	ProfTask <5067>						548603
1	11076812	11076820	#FFC0CB	1.0	ProfTask <5067>						548605
1	11081035	11081038	#FFC0CB	1.0	ProfTask <5071>						548607
1	11083503	11083506	#FFC0CB	1.0	ProfTask <5073>						548609
1	11090204	11090207	#FFC0CB	1.0	ProfTask <5079>						548611
1	11094433	11094441	#FFC0CB	1.0	ProfTask <5083>						548613
1	11098016	11098020	#FFC0CB	1.0	ProfTask <5086>						548615
1	11103406	11103409	#FFC0CB	1.0	ProfTask <5091>						548617
1	11104810	11104813	#FFC0CB	1.0	ProfTask <5092>						548619
1	11144734	11144744	#FFC0CB	1.0	ProfTask <5127>						548621
1	11185617	11185621	#FFC0CB	1.0	ProfTask <5163>						548623
1	11188185	11188193	#FFC0CB	1.0	ProfTask <5166>						548625
1	11214740	11214743	#FFC0CB	1.0	ProfTask <5190>						548627
1	11224833	11224836	#FFC0CB	1.0	ProfTask <5199>						548629
1	11251903	11251907	#FFC0CB	1.0	ProfTask <5223>						548631
1	11323303	11323306	#FFC0CB	1.0	ProfTask <5292>						548633
1	11324155	11324158	#FFC0CB	1.0	ProfTask						548635
1	11497643	11497668	#FFC0CB	1.0	ProfTask <5444>						548637
1	11641514	11641518	#FFC0CB	1.0	ProfTask <5574>						548639
1	11643892	11643896	#FFC0CB	1.0	ProfTask <5576>						548641
1	11647247	11647251	#FFC0CB	1.0	ProfTask <5579>						548643
1	11659728	11659731	#FFC0CB	1.0	ProfTask <5591>						548645
1	11663838	11663846	#FFC0CB	1.0	ProfTask <5594>						548647
1	11673478	11673482	#FFC0CB	1.0	ProfTask <5602>						548649
1	11673905	11673909	#FFC0CB	1.0	ProfTask <5603>						548651
1	11680547	11680550	#FFC0CB	1.0	ProfTask <5609>						548653
1	11685037	11685040	#FFC0CB	1.0	ProfTask <5613>						548655
1	11687363	11687374	#FFC0CB	1.0	ProfTask <5615>						548657
1	11697143	11697146	#FFC0CB	1.0	ProfTask <5624>						548659
1	11701535	11701539	#FFC0CB	1.0	ProfTask <5628>						548661
1	11720568	11720579	#FFC0CB	1.0	ProfTask <5645>						548663
1	11727351	11727362	#FFC0CB	1.0	ProfTask <5651>						548665
1	11751062	11751077	#FFC0CB	1.0	ProfTask <5672>						548667
1	11755871	11755899	#FFC0CB	1.0	ProfTask <5676>						548669
1	11759792	11759795	#FFC0CB	1.0	ProfTask <5679>						548671
1	11857397	11857402	#FFC0CB	1.0	ProfTask <5765>						548673
1	11934598	11934603	#FFC0CB	1.0	ProfTask <5837>						548675
1	12000068	12000092	#FFC0CB	1.0	ProfTask <5895>						548677
1	12028040	12028079	#FFC0CB	1.0	ProfTask <5919>						548679
1	12062019	12062043	#FFC0CB	1.0	ProfTask <5948>						548681
1	12067465	12067486	#FFC0CB	1.0	ProfTask <5953>						548683
1	12072345	12072354	#FFC0CB	1.0	ProfTask <5957>						548685
1	12076766	12076787	#FFC0CB	1.0	ProfTask <5961>						548687
1	12077013	12077023	#FFC0CB	1.0	ProfTask <5961>						548689
1	12088315	12088337	#FFC0CB	1.0	ProfTask <5971>						548691
1	12129276	12129288	#FFC0CB	1.0	ProfTask <6007>						548693
1	12147665	12147669	#FFC0CB	1.0	ProfTask <6022>						548695
1	12183932	12183936	#FFC0CB	1.0	ProfTask <6058>						548697
1	12285073	12285076	#FFC0CB	1.0	ProfTask <6146>						548699
1	12338400	12338425	#FFC0CB	1.0	ProfTask <6193>						548701
1	12360755	12360764	#FFC0CB	1.0	ProfTask <6211>						548703
1	12437776	12437780	#FFC0CB	1.0	ProfTask <6277>						548705
1	12451622	12451626	#FFC0CB	1.0	ProfTask <6289>						548707
1	12482173	12482176	#FFC0CB	1.0	ProfTask <6316>						548709
1	12482966	12482991	#FFC0CB	1.0	ProfTask <6316>						548711
1	12492601	12492604	#FFC0CB	1.0	ProfTask <6325>						548713
1	12515857	12515870	#FFC0CB	1.0	ProfTask <6340>						548715
1	12538810	12538813	#FFC0CB	1.0	ProfTask <6366>						548717
1	12551663	12551666	#FFC0CB	1.0	ProfTask <6378>						548719
1	12553882	12553890	#FFC0CB	1.0	ProfTask <6380>						548721
1	12617601	12617604	#FFC0CB	1.0	ProfTask <6436>						548723
1	12724119	12724122	#FFC0CB	1.0	ProfTask <6528>						548725
1	12754622	12754626	#FFC0CB	1.0	ProfTask <6544>						548727
1	12761768	12761771	#FFC0CB	1.0	ProfTask <6549>						548729
1	12809506	12809517	#FFC0CB	1.0	ProfTask <6594>						548731
1	12845778	12845791	#FFC0CB	1.0	ProfTask <6624>						548733
1	12851705	12851709	#FFC0CB	1.0	ProfTask <6630>						548735
1	12855060	12855063	#FFC0CB	1.0	ProfTask <6633>						548737
1	12861914	12861917	#FFC0CB	1.0	ProfTask <6639>						548739
1	12889684	12889687	#FFC0CB	1.0	ProfTask <6663>						548741
1	12896360	12896382	#FFC0CB	1.0	ProfTask <6668>						548743
1	12908948	12908959	#FFC0CB	1.0	ProfTask <6679>						548745
1	12951134	12951137	#FFC0CB	1.0	ProfTask <6715>						548747
1	12955987	12955991	#FFC0CB	1.0	ProfTask <6720>						548749
1	12966455	12966459	#FFC0CB	1.0	ProfTask <6729>						548751
1	12987667	12987674	#FFC0CB	1.0	ProfTask <6747>						548753
1	13041058	13041066	#FFC0CB	1.0	ProfTask <6793>						548755
1	13046000	13046005	#FFC0CB	1.0	ProfTask <6798>						548757
1	13062971	13062974	#FFC0CB	1.0	ProfTask <6813>						548759
1	13118150	13118161	#FFC0CB	1.0	ProfTask <6337>						548761
1	13118575	13118582	#FFC0CB	1.0	ProfTask <6337>						548763
1	13157190	13157215	#FFC0CB	1.0	ProfTask <6898>						548765
1	13166902	13166905	#FFC0CB	1.0	ProfTask						548767
1	13177896	13177899	#FFC0CB	1.0	ProfTask <6917>						548769
1	13359280	13359292	#FFC0CB	1.0	ProfTask <7074>						548771
1	13384306	13384328	#FFC0CB	1.0	ProfTask <7101>						548773
1	13518505	13518509	#FFC0CB	1.0	ProfTask <7220>						548775
1	13567451	13567464	#FFC0CB	1.0	ProfTask <7262>						548777
1	13608225	13608236	#FFC0CB	1.0	ProfTask <7298>						548779
1	13694409	13694412	#FFC0CB	1.0	ProfTask <7373>						548781
1	13716833	13716844	#FFC0CB	1.0	ProfTask <7392>						548783
1	13833620	13833635	#FFC0CB	1.0	ProfTask <7500>						548785
1	13846551	13846556	#FFC0CB	1.0	ProfTask <7512>						548787
1	13857894	13857898	#FFC0CB	1.0	ProfTask <7522>						548789
1	13864733	13864737	#FFC0CB	1.0	ProfTask <7528>						548791
1	14057965	14058070	#3a00ff	1.0	__binary_double_double_* <7697>						54662
1	14069656	14069664	#FFC0CB	1.0	ProfTask <7708>						548793
1	14170062	14170070	#FFC0CB	1.0	ProfTask <7796>						548795
1	14178565	14178587	#FFC0CB	1.0	ProfTask <7804>						548797
1	14197565	14197570	#FFC0CB	1.0	ProfTask <7820>						548799
1	14244663	14244670	#FFC0CB	1.0	ProfTask <7861>						548801
1	14334159	14334169	#FFC0CB	1.0	ProfTask <7943>						548803
1	14351916	14352024	#00ff15	1.0	__binary_double_double_+ <7959>						123680
1	14352131	14352142	#FFC0CB	1.0	ProfTask <7959>						548805
1	14369147	14369157	#FFC0CB	1.0	ProfTask <7963>						548807
1	14372590	14372608	#FFC0CB	1.0	ProfTask <7967>						548809
1	14378056	14378068	#FFC0CB	1.0	ProfTask <7971>						548811
1	14391157	14391169	#FFC0CB	1.0	ProfTask <7983>						548813
1	14417122	14417142	#FFC0CB	1.0	ProfTask <8005>						548815
1	14421572	14421576	#FFC0CB	1.0	ProfTask <8009>						548817
1	14424059	14424064	#FFC0CB	1.0	ProfTask <8011>						548819
1	14448470	14448482	#FFC0CB	1.0	ProfTask <8033>						548821
1	14451667	14451678	#FFC0CB	1.0	ProfTask <8035>						548823
1	14456086	14456096	#FFC0CB	1.0	ProfTask <8039>						548825
1	14462863	14462879	#FFC0CB	1.0	ProfTask <8045>						548827
1	14473551	14473561	#FFC0CB	1.0	ProfTask <8055>						548829
1	14476711	14476717	#FFC0CB	1.0	ProfTask <8057>						548831
1	14478088	14478092	#FFC0CB	1.0	ProfTask <8058>						548833
1	14479131	14479135	#FFC0CB	1.0	ProfTask <8059>						548835
1	14482611	14482620	#FFC0CB	1.0	ProfTask <8062>						548837
1	14515692	14515702	#FFC0CB	1.0	ProfTask <8091>						548839
1	14522033	14522044	#FFC0CB	1.0	ProfTask <8096>						548841
1	14527249	14527259	#FFC0CB	1.0	ProfTask <8101>						548843
1	14528198	14528206	#FFC0CB	1.0	ProfTask <8101>						548845
1	14534998	14535010	#FFC0CB	1.0	ProfTask <8107>						548847
1	14537132	14537156	#FFC0CB	1.0	ProfTask <8109>						548849
1	14564441	14564453	#FFC0CB	1.0	ProfTask <8130>						548851
1	14575310	14575322	#FFC0CB	1.0	ProfTask <8145>						548853
1	14581914	14581925	#FFC0CB	1.0	ProfTask <8151>						548855
1	14589967	14589978	#FFC0CB	1.0	ProfTask <8158>						548857
1	14608371	14608390	#FFC0CB	1.0	ProfTask <8175>						548859
1	14631098	14631108	#FFC0CB	1.0	ProfTask <8194>						548861
1	14661234	14661252	#FFC0CB	1.0	ProfTask <8221>						548863
1	14676170	14676175	#FFC0CB	1.0	ProfTask <8226>						548865
1	14679617	14679620	#FFC0CB	1.0	ProfTask <8229>						548867
1	14737496	14737506	#FFC0CB	1.0	ProfTask <8280>						548869
1	14862118	14862129	#FFC0CB	1.0	ProfTask <8384>						548871
1	14866494	14866500	#FFC0CB	1.0	ProfTask <8388>						548873
1	14910493	14910501	#FFC0CB	1.0	ProfTask <8416>						548875
1	14912675	14912774	#008aff	1.0	__binary_double_double_- <8418>						54696
1	14912893	14912902	#FFC0CB	1.0	ProfTask <8418>						548877
1	14914038	14914043	#FFC0CB	1.0	ProfTask <8419>						548879
1	14940642	14940653	#FFC0CB	1.0	ProfTask <7918>						548881
1	14946855	14946867	#FFC0CB	1.0	ProfTask <8446>						548883
1	14947310	14947321	#FFC0CB	1.0	ProfTask <8447>						548885
1	14947425	14947430	#FFC0CB	1.0	ProfTask <8447>						548887
1	14950195	14950198	#FFC0CB	1.0	ProfTask <8448>						548889
1	14950354	14950366	#FFC0CB	1.0	ProfTask <8453>						548891
1	14954781	14954895	#00ff15	1.0	__binary_double_double_+ <8458>						501470
1	14961596	14961616	#FFC0CB	1.0	ProfTask <8464>						548893
1	14963807	14963812	#FFC0CB	1.0	ProfTask <8466>						548895
1	14965991	14966079	#00ff15	1.0	__binary_double_double_+ <8468>						19283
1	14974304	14974313	#FFC0CB	1.0	ProfTask <8476>						548897
1	14979723	14979727	#FFC0CB	1.0	ProfTask <8480>						548899
1	15035039	15035051	#FFC0CB	1.0	ProfTask <8530>						548901
1	15057130	15057142	#FFC0CB	1.0	ProfTask <8552>						548903
1	15063347	15063358	#FFC0CB	1.0	ProfTask <8558>						548905
1	15079964	15079979	#FFC0CB	1.0	ProfTask <8572>						548907
1	15110084	15110088	#FFC0CB	1.0	ProfTask <8600>						548909
1	15191010	15191037	#FFC0CB	1.0	ProfTask <8675>						548911
1	15221666	15221676	#FFC0CB	1.0	ProfTask <8702>						548913
1	15257318	15257326	#FFC0CB	1.0	ProfTask <8733>						548915
1	15263935	15263944	#FFC0CB	1.0	ProfTask <8739>						548917
1	15276133	15276149	#FFC0CB	1.0	ProfTask <8750>						548919
1	15398718	15398744	#FFC0CB	1.0	ProfTask <8858>						548921
1	15502423	15502429	#FFC0CB	1.0	ProfTask <8949>						548923
1	15513648	15513661	#FFC0CB	1.0	ProfTask <8959>						548925
1	15546707	15546712	#FFC0CB	1.0	ProfTask <8989>						548927
1	15568311	15568337	#FFC0CB	1.0	ProfTask <9008>						548929
1	15575154	15575158	#FFC0CB	1.0	ProfTask <9014>						548931
1	15612171	15612175	#FFC0CB	1.0	ProfTask <9047>						548933
1	15638706	15638716	#FFC0CB	1.0	ProfTask <9069>						548935
1	15710291	15710295	#FFC0CB	1.0	ProfTask <9131>						548937
1	15888844	15888850	#FFC0CB	1.0	ProfTask <9290>						548939
1	15984445	15984455	#FFC0CB	1.0	ProfTask <9373>						548941
1	16000606	16000610	#FFC0CB	1.0	ProfTask <9388>						548943
1	16018723	16018727	#FFC0CB	1.0	ProfTask <9403>						548945
1	16044954	16044978	#FFC0CB	1.0	ProfTask <9425>						548947
1	16079404	16079430	#FFC0CB	1.0	ProfTask <9455>						548949
1	16110003	16110013	#FFC0CB	1.0	ProfTask <9481>						548951
1	16141138	16141141	#FFC0CB	1.0	ProfTask <9512>						548953
1	16169342	16169354	#FFC0CB	1.0	ProfTask <9536>						548955
1	16189306	16189310	#FFC0CB	1.0	ProfTask <9553>						548957
1	16210051	16210055	#FFC0CB	1.0	ProfTask <9572>						548959
1	16215527	16215536	#FFC0CB	1.0	ProfTask <9576>						548961
1	16237843	16237847	#FFC0CB	1.0	ProfTask <9596>						548963
1	16322555	16322559	#FFC0CB	1.0	ProfTask <9670>						548965
1	16361469	16361472	#FFC0CB	1.0	ProfTask <9704>						548967
1	16365967	16365971	#FFC0CB	1.0	ProfTask <9708>						548969
1	16375569	16375591	#FFC0CB	1.0	ProfTask <9719>						548971
1	16394713	16394717	#FFC0CB	1.0	ProfTask <9736>						548973
1	16418097	16418101	#FFC0CB	1.0	ProfTask <9757>						548975
1	16448697	16448700	#FFC0CB	1.0	ProfTask <9784>						548977
1	16471251	16471254	#FFC0CB	1.0	ProfTask <9804>						548979
1	16491592	16491598	#FFC0CB	1.0	ProfTask <9822>						548981
1	16515478	16515486	#FFC0CB	1.0	ProfTask <9843>						548983
1	16542064	16542072	#FFC0CB	1.0	ProfTask <9867>						548985
1	16554575	16554579	#FFC0CB	1.0	ProfTask <9877>						548987
1	16591795	16591799	#FFC0CB	1.0	ProfTask <9910>						548989
1	16608755	16608759	#FFC0CB	1.0	ProfTask <9925>						548991
1	16672738	16672761	#FFC0CB	1.0	ProfTask <9981>						548993
1	16705271	16705283	#FFC0CB	1.0	ProfTask <10009>						548995
1	16723516	16723524	#FFC0CB	1.0	ProfTask <9499>						548997
1	16744076	16744079	#FFC0CB	1.0	ProfTask <10045>						548999
1	16757764	16757767	#FFC0CB	1.0	ProfTask <10057>						549001
1	16776078	16776083	#FFC0CB	1.0	ProfTask <10073>						549003
1	16790360	16790373	#FFC0CB	1.0	ProfTask <10085>						549005
1	16792631	16792634	#FFC0CB	1.0	ProfTask <10087>						549007
1	16794846	16794849	#FFC0CB	1.0	ProfTask <10089>						549009
1	16835177	16835181	#FFC0CB	1.0	ProfTask <10123>						549011
1	16839643	16839653	#FFC0CB	1.0	ProfTask <10127>						549013
1	16854842	16854849	#FFC0CB	1.0	ProfTask <10141>						549015
1	16863856	16863859	#FFC0CB	1.0	ProfTask <10149>						549017
1	16877542	16877545	#FFC0CB	1.0	ProfTask <10161>						549019
1	16904767	16904771	#FFC0CB	1.0	ProfTask <10185>						549021
1	16921031	16921034	#FFC0CB	1.0	ProfTask <10199>						549023
1	16942665	16942673	#FFC0CB	1.0	ProfTask <10217>						549025
1	16946239	16946243	#FFC0CB	1.0	ProfTask <10221>						549027
1	16986668	16986671	#FFC0CB	1.0	ProfTask <10256>						549029
1	16992503	16992506	#FFC0CB	1.0	ProfTask <10262>						549031
1	16997753	16997757	#FFC0CB	1.0	ProfTask <10266>						549033
1	17040919	17040948	#FFC0CB	1.0	ProfTask <10304>						549035
1	17054183	17054190	#FFC0CB	1.0	ProfTask <10316>						549037
1	17101900	17101905	#FFC0CB	1.0	ProfTask <10358>						549039
1	17102764	17102767	#FFC0CB	1.0	ProfTask <10358>						549041
1	17134858	17134869	#FFC0CB	1.0	ProfTask <10386>						549043
1	17155439	17155445	#FFC0CB	1.0	ProfTask <10404>						549045
1	17172371	17172397	#FFC0CB	1.0	ProfTask <10419>						549047
1	17175149	17175153	#FFC0CB	1.0	ProfTask <10421>						549049
1	17176117	17176120	#FFC0CB	1.0	ProfTask <10422>						549051
1	17184359	17184362	#FFC0CB	1.0	ProfTask <10430>						549053
1	17186268	17186278	#FFC0CB	1.0	ProfTask <10431>						549055
1	17213096	17213114	#FFC0CB	1.0	ProfTask <10454>						549057
1	17226259	17226264	#FFC0CB	1.0	ProfTask <10466>						549059
1	17240397	17240401	#FFC0CB	1.0	ProfTask <10478>						549061
1	17247153	17247156	#FFC0CB	1.0	ProfTask <10484>						549063
1	17253926	17253929	#FFC0CB	1.0	ProfTask <10490>						549065
1	17270889	17270892	#FFC0CB	1.0	ProfTask <10505>						549067
1	17294819	17294827	#FFC0CB	1.0	ProfTask <10526>						549069
1	17307090	17307094	#FFC0CB	1.0	ProfTask <10536>						549071
1	17323074	17323077	#FFC0CB	1.0	ProfTask <10026>						549073
1	17323186	17323193	#FFC0CB	1.0	ProfTask <10026>						549075
1	17326701	17326713	#FFC0CB	1.0	ProfTask <10552>						549077
1	17330341	17330348	#FFC0CB	1.0	ProfTask <10562>						549079
1	17335413	17335416	#FFC0CB	1.0	ProfTask <10564>						549081
1	17344897	17344907	#FFC0CB	1.0	ProfTask <10572>						549083
1	17357155	17357159	#FFC0CB	1.0	ProfTask <10582>						549085
1	17359698	17359703	#FFC0CB	1.0	ProfTask <10584>						549087
1	17410644	17410654	#FFC0CB	1.0	ProfTask <10630>						549089
1	17426476	17426480	#FFC0CB	1.0	ProfTask <10644>						549091
1	17428580	17428583	#FFC0CB	1.0	ProfTask <10646>						549093
1	17437519	17437522	#FFC0CB	1.0	ProfTask <10654>						549095
1	17441978	17441981	#FFC0CB	1.0	ProfTask <10658>						549097
1	17460879	17460901	#FFC0CB	1.0	ProfTask <10674>						549099
1	17496035	17496039	#FFC0CB	1.0	ProfTask <10706>						549101
1	17500466	17500470	#FFC0CB	1.0	ProfTask <10710>						549103
1	17505946	17505949	#FFC0CB	1.0	ProfTask <10714>						549105
1	17520370	17520379	#FFC0CB	1.0	ProfTask <10727>						549107
1	17534313	17534316	#FFC0CB	1.0	ProfTask <10740>						549109
1	17559283	17559291	#FFC0CB	1.0	ProfTask <10762>						549111
1	17566717	17566727	#FFC0CB	1.0	ProfTask <10765>						549113
1	17590642	17590645	#FFC0CB	1.0	ProfTask <10792>						549115
1	17610652	17610655	#FFC0CB	1.0	ProfTask <10810>						549117
1	17641434	17641437	#FFC0CB	1.0	ProfTask <10837>						549119
1	17648631	17648639	#FFC0CB	1.0	ProfTask <10843>						549121
1	17652386	17652389	#FFC0CB	1.0	ProfTask <10846>						549123
1	17687327	17687337	#FFC0CB	1.0	ProfTask <10875>						549125
1	17692985	17692988	#FFC0CB	1.0	ProfTask <10880>						549127
1	17694370	17694373	#FFC0CB	1.0	ProfTask <10882>						549129
1	17712902	17712905	#FFC0CB	1.0	ProfTask <10897>						549131
1	17729503	17729511	#FFC0CB	1.0	ProfTask <10911>						549133
1	17741879	17741883	#FFC0CB	1.0	ProfTask <10922>						549135
1	17761746	17761756	#FFC0CB	1.0	ProfTask <10939>						549137
1	17790871	17790882	#FFC0CB	1.0	ProfTask <10964>						549139
1	17795514	17795526	#FFC0CB	1.0	ProfTask <10969>						549141
1	17806035	17806053	#FFC0CB	1.0	ProfTask <10978>						549143
1	17853911	17853923	#FFC0CB	1.0	ProfTask <11020>						549145
1	17947470	17947478	#FFC0CB	1.0	ProfTask <11105>						549147
1	17990303	17990310	#FFC0CB	1.0	ProfTask <11143>						549149
1	18123075	18123082	#FFC0CB	1.0	ProfTask <11259>						549151
1	18134429	18134447	#FFC0CB	1.0	ProfTask <11269>						549153
1	18155765	18155770	#FFC0CB	1.0	ProfTask <11289>						549155
1	18166559	18166562	#FFC0CB	1.0	ProfTask <11301>						549157
1	18185599	18185603	#FFC0CB	1.0	ProfTask <11317>						549159
1	18200679	18200682	#FFC0CB	1.0	ProfTask <11331>						549161
1	18474168	18474189	#FFC0CB	1.0	ProfTask <11569>						549163
1	18535642	18535756	#00ff15	1.0	__binary_double_double_+ <11624>						125677
1	18552339	18552350	#FFC0CB	1.0	ProfTask <11628>						549165
1	18568705	18568716	#FFC0CB	1.0	ProfTask <11642>						549167
1	18632308	18632318	#FFC0CB	1.0	ProfTask <11698>						549169
1	18860519	18860532	#FFC0CB	1.0	ProfTask <11902>						549171
1	19002884	19002901	#FFC0CB	1.0	ProfTask <12026>						549173
1	19023593	19023602	#FFC0CB	1.0	ProfTask <12043>						549175
1	19204628	19204654	#FFC0CB	1.0	ProfTask <12205>						549177
1	19218752	19218757	#FFC0CB	1.0	ProfTask <12217>						549179
1	19241207	19241212	#FFC0CB	1.0	ProfTask <12237>						549181
1	19365609	19365618	#FFC0CB	1.0	ProfTask <12346>						549183
1	19381353	19381390	#FFC0CB	1.0	ProfTask <12363>						549185
1	19384790	19384794	#FFC0CB	1.0	ProfTask <12367>						549187
1	19409096	19409100	#FFC0CB	1.0	ProfTask <12388>						549189
1	19418399	19418403	#FFC0CB	1.0	ProfTask <12397>						549191
1	19450460	19450463	#FFC0CB	1.0	ProfTask <12424>						549193
1	19470133	19470136	#FFC0CB	1.0	ProfTask <12442>						549195
1	19535388	19535396	#FFC0CB	1.0	ProfTask <12499>						549197
1	19543109	19543119	#FFC0CB	1.0	ProfTask <12505>						549199
1	19545779	19545788	#FFC0CB	1.0	ProfTask <12507>						549201
1	19559817	19559828	#FFC0CB	1.0	ProfTask <12519>						549203
1	19560846	19560856	#FFC0CB	1.0	ProfTask <12520>						549205
1	19564609	19564617	#FFC0CB	1.0	ProfTask <12523>						549207
1	19600702	19600725	#FFC0CB	1.0	ProfTask <12554>						549209
1	19604146	19604150	#FFC0CB	1.0	ProfTask <12557>						549211
1	19609806	19609810	#FFC0CB	1.0	ProfTask <12562>						549213
1	19640076	19640085	#FFC0CB	1.0	ProfTask <12589>						549215
1	19671278	19671288	#FFC0CB	1.0	ProfTask <12616>						549217
1	19726650	19726654	#FFC0CB	1.0	ProfTask <12670>						549219
1	19746755	19746759	#FFC0CB	1.0	ProfTask <12685>						549221
1	19787629	19787639	#FFC0CB	1.0	ProfTask <12720>						549223
1	19854450	19854454	#FFC0CB	1.0	ProfTask <12778>						549225
1	19859273	19859281	#FFC0CB	1.0	ProfTask <12782>						549227
1	19884355	19884358	#FFC0CB	1.0	ProfTask <12804>						549229
1	19919087	19919098	#FFC0CB	1.0	ProfTask <12834>						549231
1	19951664	19951672	#FFC0CB	1.0	ProfTask <12862>						549233
1	19970521	19970527	#FFC0CB	1.0	ProfTask <12882>						549235
1	19978386	19978390	#FFC0CB	1.0	ProfTask <12888>						549237
1	20014008	20014018	#FFC0CB	1.0	ProfTask <12919>						549239
1	20025449	20025452	#FFC0CB	1.0	ProfTask <12930>						549241
1	20029701	20029704	#FFC0CB	1.0	ProfTask <12933>						549243
1	20034169	20034173	#FFC0CB	1.0	ProfTask <12937>						549245
1	20049821	20049824	#FFC0CB	1.0	ProfTask <12951>						549247
1	20063760	20063781	#FFC0CB	1.0	ProfTask <12963>						549249
1	20065109	20065119	#FFC0CB	1.0	ProfTask <12964>						549251
1	20087792	20087795	#FFC0CB	1.0	ProfTask						549253
1	20099022	20099025	#FFC0CB	1.0	ProfTask <12993>						549255
1	20109858	20109869	#FFC0CB	1.0	ProfTask <13002>						549257
1	20145552	20145555	#FFC0CB	1.0	ProfTask <13033>						549259
1	20190089	20190105	#FFC0CB	1.0	ProfTask <13072>						549261
1	20196884	20196892	#FFC0CB	1.0	ProfTask <13078>						549263
1	20198206	20198213	#FFC0CB	1.0	ProfTask <13080>						549265
1	20240778	20240802	#FFC0CB	1.0	ProfTask <13116>						549267
1	20252920	20252925	#FFC0CB	1.0	ProfTask <13126>						549269
1	20276911	20276946	#FFC0CB	1.0	ProfTask <13147>						549271
1	20284474	20284481	#FFC0CB	1.0	ProfTask <13153>						549273
1	20287136	20287145	#FFC0CB	1.0	ProfTask <13156>						549275
1	20305203	20305223	#FFC0CB	1.0	ProfTask <13171>						549277
1	20310319	20310327	#FFC0CB	1.0	ProfTask <13176>						549279
1	20330271	20330286	#FFC0CB	1.0	ProfTask <13191>						549281
1	20364842	20364853	#FFC0CB	1.0	ProfTask <13226>						549283
1	20373645	20373656	#FFC0CB	1.0	ProfTask <13233>						549285
1	20402689	20402716	#FFC0CB	1.0	ProfTask <13259>						549287
1	20427866	20427870	#FFC0CB	1.0	ProfTask <13281>						549289
1	20474337	20474362	#FFC0CB	1.0	ProfTask <13321>						549291
1	20526139	20526156	#FFC0CB	1.0	ProfTask <13365>						549293
1	20537646	20537654	#FFC0CB	1.0	ProfTask <13375>						549295
1	20556114	20556117	#FFC0CB	1.0	ProfTask <13391>						549297
1	20601443	20601454	#FFC0CB	1.0	ProfTask <13433>						549299
1	20601604	20601610	#FFC0CB	1.0	ProfTask <13433>						549301
1	20609641	20609655	#FFC0CB	1.0	ProfTask <13440>						549303
1	20614287	20614308	#FFC0CB	1.0	ProfTask <13444>						549305
1	20616552	20616560	#FFC0CB	1.0	ProfTask <13446>						549307
1	20623545	20623567	#FFC0CB	1.0	ProfTask <13452>						549309
1	20627485	20627493	#FFC0CB	1.0	ProfTask <13455>						549311
1	20629782	20629793	#FFC0CB	1.0	ProfTask <13457>						549313
1	20655147	20655155	#FFC0CB	1.0	ProfTask <13479>						549315
1	20660719	20660729	#FFC0CB	1.0	ProfTask <13484>						549317
1	20664494	20664498	#FFC0CB	1.0	ProfTask <13487>						549319
1	20700428	20700432	#FFC0CB	1.0	ProfTask <13518>						549321
1	20735344	20735367	#FFC0CB	1.0	ProfTask <13548>						549323
1	20753645	20753656	#FFC0CB	1.0	ProfTask <13565>						549325
1	20760795	20760799	#FFC0CB	1.0	ProfTask <13571>						549327
1	20775330	20775333	#FFC0CB	1.0	ProfTask <13583>						549329
1	20803917	20803928	#FFC0CB	1.0	ProfTask <13608>						549331
1	20895070	20895079	#FFC0CB	1.0	ProfTask <13688>						549333
1	20963349	20963353	#FFC0CB	1.0	ProfTask <13752>						549335
1	20988831	20988857	#FFC0CB	1.0	ProfTask <13774>						549337
1	21038496	21038502	#FFC0CB	1.0	ProfTask <13818>						549339
1	21111997	21112002	#FFC0CB	1.0	ProfTask <13882>						549341
1	21119902	21119906	#FFC0CB	1.0	ProfTask <13888>						549343
1	21142589	21142603	#FFC0CB	1.0	ProfTask <13908>						549345
1	21181683	21181686	#FFC0CB	1.0	ProfTask <13945>						549347
1	21182775	21182780	#FFC0CB	1.0	ProfTask <13946>						549349
1	21186090	21186093	#FFC0CB	1.0	ProfTask <13949>						549351
1	21199421	21199424	#FFC0CB	1.0	ProfTask <13961>						549353
1	21204098	21204102	#FFC0CB	1.0	ProfTask <13966>						549355
1	21233088	21233096	#FFC0CB	1.0	ProfTask <13991>						549357
1	21260622	21260625	#FFC0CB	1.0	ProfTask <14015>						549359
1	21262816	21262819	#FFC0CB	1.0	ProfTask <14017>						549361
1	21372004	21372010	#FFC0CB	1.0	ProfTask <14113>						549363
1	21425750	21425761	#FFC0CB	1.0	ProfTask <14149>						549365
1	21448937	21448967	#FFC0CB	1.0	ProfTask <14168>						549367
1	21469808	21469816	#FFC0CB	1.0	ProfTask <14186>						549369
1	21475817	21475821	#FFC0CB	1.0	ProfTask <14191>						549371
1	21537691	21537698	#FFC0CB	1.0	ProfTask <14251>						549373
1	21558981	21558993	#FFC0CB	1.0	ProfTask <14265>						549375
1	21579956	21579968	#FFC0CB	1.0	ProfTask <14283>						549377
1	21581351	21581361	#FFC0CB	1.0	ProfTask <14285>						549379
1	21589186	21589190	#FFC0CB	1.0	ProfTask <14291>						549381
1	21595982	21595986	#FFC0CB	1.0	ProfTask <14297>						549383
1	21611269	21611280	#FFC0CB	1.0	ProfTask <14311>						549385
1	21631875	21631885	#FFC0CB	1.0	ProfTask <14329>						549387
1	21641111	21641132	#FFC0CB	1.0	ProfTask <14337>						549389
1	21658191	21658195	#FFC0CB	1.0	ProfTask <14353>						549391
1	21690342	21690346	#FFC0CB	1.0	ProfTask <14381>						549393
1	21710133	21710137	#FFC0CB	1.0	ProfTask <14397>						549395
1	21732548	21732551	#FFC0CB	1.0	ProfTask <14417>						549397
1	21741608	21741611	#FFC0CB	1.0	ProfTask <14425>						549399
1	21768939	21768947	#FFC0CB	1.0	ProfTask <14449>						549401
1	21783002	21783012	#FFC0CB	1.0	ProfTask <14463>						549403
1	21791367	21791377	#FFC0CB	1.0	ProfTask <14470>						549405
1	21798329	21798338	#FFC0CB	1.0	ProfTask <14476>						549407
1	21873629	21873638	#FFC0CB	1.0	ProfTask <14543>						549409
1	21875532	21875543	#FFC0CB	1.0	ProfTask <14545>						549411
1	21878191	21878195	#FFC0CB	1.0	ProfTask <14547>						549413
1	21901227	21901236	#FFC0CB	1.0	ProfTask <14567>						549415
1	21930555	21930558	#FFC0CB	1.0	ProfTask <14593>						549417
1	21989910	21989913	#FFC0CB	1.0	ProfTask <14645>						549419
1	21990441	21990449	#FFC0CB	1.0	ProfTask <14646>						549421
1	21990465	21990468	#FFC0CB	1.0	ProfTask <14646>						549423
1	22066319	22066323	#FFC0CB	1.0	ProfTask <14712>						549425
1	22100236	22100243	#FFC0CB	1.0	ProfTask <14742>						549427
1	22224151	22224158	#FFC0CB	1.0	ProfTask						549429
1	22258703	22258715	#FFC0CB	1.0	ProfTask <14884>						549431
1	22272305	22272329	#FFC0CB	1.0	ProfTask <14896>						549433
1	22315268	22315272	#FFC0CB	1.0	ProfTask <14934>						549435
1	22330017	22330031	#FFC0CB	1.0	ProfTask <14946>						549437
1	22336714	22336724	#FFC0CB	1.0	ProfTask <14952>						549439
1	22365418	22365424	#FFC0CB	1.0	ProfTask <14978>						549441
1	22370201	22370207	#FFC0CB	1.0	ProfTask <14981>						549443
1	22472435	22472447	#FFC0CB	1.0	ProfTask <15075>						549445
1	22533236	22533241	#FFC0CB	1.0	ProfTask <15128>						549447
1	22534371	22534376	#FFC0CB	1.0	ProfTask <15129>						549449
1	22569834	22569838	#FFC0CB	1.0	ProfTask <15161>						549451
1	22576649	22576659	#FFC0CB	1.0	ProfTask <15167>						549453
1	22590277	22590281	#FFC0CB	1.0	ProfTask <15179>						549455
1	22600430	22600434	#FFC0CB	1.0	ProfTask <15188>						549457
1	22609290	22609300	#FFC0CB	1.0	ProfTask <15195>						549459
1	22619660	22619665	#FFC0CB	1.0	ProfTask <15204>						549461
1	22625248	22625252	#FFC0CB	1.0	ProfTask <15209>						549463
1	22638636	22638767	#3a00ff	1.0	__binary_double_double_* <15219>						547075
1	22638842	22638852	#FFC0CB	1.0	ProfTask <15219>						549465
1	22638868	22638873	#FFC0CB	1.0	ProfTask <15219>						549467
1	22662260	22662270	#FFC0CB	1.0	ProfTask <15231>						549469
1	22674828	22674843	#FFC0CB	1.0	ProfTask <15242>						549471
1	22712994	22713010	#FFC0CB	1.0	ProfTask <15275>						549473
1	22713916	22713920	#FFC0CB	1.0	ProfTask <15275>						549475
1	22729495	22729506	#FFC0CB	1.0	ProfTask <15288>						549477
1	22740712	22740715	#FFC0CB	1.0	ProfTask <15305>						549479
1	22771526	22771535	#FFC0CB	1.0	ProfTask <15329>						549481
1	22787368	22787372	#FFC0CB	1.0	ProfTask <15343>						549483
1	22982973	22983014	#FFC0CB	1.0	ProfTask <15516>						549485
1	23093218	23093223	#FFC0CB	1.0	ProfTask <15613>						549487
1	23122676	23122679	#FFC0CB	1.0	ProfTask <15638>						549489
1	23194852	23194865	#FFC0CB	1.0	ProfTask <15701>						549491
1	23213036	23213040	#FFC0CB	1.0	ProfTask <15716>						549493
1	23214342	23214345	#FFC0CB	1.0	ProfTask <15718>						549495
1	23224521	23224530	#FFC0CB	1.0	ProfTask <15726>						549497
1	23271662	23271793	#3a00ff	1.0	__binary_double_double_* <15764>						128032
1	23329400	23329411	#FFC0CB	1.0	ProfTask <15814>						549499
1	23371203	23371207	#FFC0CB	1.0	ProfTask <15852>						549501
1	23398529	23398545	#FFC0CB	1.0	ProfTask <15876>						549503
1	23401634	23401637	#FFC0CB	1.0	ProfTask <15878>						549505
1	23423505	23423509	#FFC0CB	1.0	ProfTask <15898>						549507
1	23432622	23432627	#FFC0CB	1.0	ProfTask <15906>						549509
1	23455427	23455431	#FFC0CB	1.0	ProfTask <15926>						549511
1	23487248	23487252	#FFC0CB	1.0	ProfTask <15954>						549513
1	23524073	23524077	#FFC0CB	1.0	ProfTask <15976>						549515
1	23525389	23525414	#FFC0CB	1.0	ProfTask <15977>						549517
1	23530106	23530109	#FFC0CB	1.0	ProfTask <15982>						549519
1	23532382	23532385	#FFC0CB	1.0	ProfTask <15984>						549521
1	23553032	23553036	#FFC0CB	1.0	ProfTask <16002>						549523
1	23562268	23562271	#FFC0CB	1.0	ProfTask <16010>						549525
1	23563174	23563177	#FFC0CB	1.0	ProfTask <16010>						549527
1	23566839	23566847	#FFC0CB	1.0	ProfTask <16014>						549529
1	23575923	23575927	#FFC0CB	1.0	ProfTask <16022>						549531
1	23576839	23576842	#FFC0CB	1.0	ProfTask <16022>						549533
1	23578195	23578199	#FFC0CB	1.0	ProfTask <16024>						549535
1	23582815	23582820	#FFC0CB	1.0	ProfTask <16028>						549537
1	23583566	23583589	#FFC0CB	1.0	ProfTask <16028>						549539
1	23587715	23587719	#FFC0CB	1.0	ProfTask <16032>						549541
1	23592177	23592180	#FFC0CB	1.0	ProfTask <16040>						549543
1	23602190	23602192	#FFC0CB	1.0	ProfTask <16047>						549545
1	23608902	23608905	#FFC0CB	1.0	ProfTask <16053>						549547
1	23626572	23626580	#FFC0CB	1.0	ProfTask <16067>						549549
1	23647432	23647435	#FFC0CB	1.0	ProfTask						549551
1	23664447	23664450	#FFC0CB	1.0	ProfTask <16101>						549553
1	23667839	23667842	#FFC0CB	1.0	ProfTask <16104>						549555
1	23675632	23675635	#FFC0CB	1.0	ProfTask <16110>						549557
1	23719245	23719248	#FFC0CB	1.0	ProfTask <16149>						549559
1	23753450	23753457	#FFC0CB	1.0	ProfTask <16179>						549561
1	23799998	23800008	#FFC0CB	1.0	ProfTask <16219>						549563
1	23801605	23801608	#FFC0CB	1.0	ProfTask <16221>						549565
1	23825933	23825936	#FFC0CB	1.0	ProfTask <16242>						549567
1	23829375	23829378	#FFC0CB	1.0	ProfTask <16245>						549569
1	23832744	23832752	#FFC0CB	1.0	ProfTask <16248>						549571
1	23839718	23839721	#FFC0CB	1.0	ProfTask <16254>						549573
1	23850050	23850060	#FFC0CB	1.0	ProfTask <16262>						549575
1	23860483	23860487	#FFC0CB	1.0	ProfTask <16272>						549577
1	23907999	23908003	#FFC0CB	1.0	ProfTask <16314>						549579
1	23921584	23921591	#FFC0CB	1.0	ProfTask <16326>						549581
1	23952437	23952449	#FFC0CB	1.0	ProfTask <16351>						549583
1	23968764	23968767	#FFC0CB	1.0	ProfTask <16371>						549585
1	23975387	23975390	#FFC0CB	1.0	ProfTask <16377>						549587
1	23982273	23982276	#FFC0CB	1.0	ProfTask <16383>						549589
1	23999339	23999348	#FFC0CB	1.0	ProfTask <16397>						549591
1	24007971	24007978	#FFC0CB	1.0	ProfTask <16404>						549593
1	24021543	24021546	#FFC0CB	1.0	ProfTask <16417>						549595
1	24032936	24032939	#FFC0CB	1.0	ProfTask <16427>						549597
1	24055518	24055521	#FFC0CB	1.0	ProfTask <16447>						549599
1	24090076	24090090	#FFC0CB	1.0	ProfTask <16477>						549601
1	24101569	24101572	#FFC0CB	1.0	ProfTask <16487>						549603
1	24112998	24113001	#FFC0CB	1.0	ProfTask <16497>						549605
1	24117500	24117504	#FFC0CB	1.0	ProfTask <16501>						549607
1	24125113	24125116	#FFC0CB	1.0	ProfTask <16507>						549609
1	24157152	24157155	#FFC0CB	1.0	ProfTask <16535>						549611
1	24165230	24165241	#FFC0CB	1.0	ProfTask <16542>						549613
1	24169995	24169998	#FFC0CB	1.0	ProfTask <16547>						549615
1	24202490	24202493	#FFC0CB	1.0	ProfTask <16577>						549617
1	24208324	24208332	#FFC0CB	1.0	ProfTask <16583>						549619
1	24215635	24215639	#FFC0CB	1.0	ProfTask <16589>						549621
1	24232951	24232955	#FFC0CB	1.0	ProfTask <16604>						549623
1	24237473	24237477	#FFC0CB	1.0	ProfTask <16607>						549625
1	24254480	24254482	#FFC0CB	1.0	ProfTask <16622>						549627
1	24289592	24289604	#FFC0CB	1.0	ProfTask <16652>						549629
1	24337632	24337636	#FFC0CB	1.0	ProfTask <16694>						549631
1	24341032	24341035	#FFC0CB	1.0	ProfTask <16697>						549633
1	24349691	24349700	#FFC0CB	1.0	ProfTask <16704>						549635
1	24360537	24360544	#FFC0CB	1.0	ProfTask <16713>						549637
1	24410341	24410356	#FFC0CB	1.0	ProfTask <16757>						549639
1	24412624	24412632	#FFC0CB	1.0	ProfTask <16758>						549641
1	24414724	24414737	#FFC0CB	1.0	ProfTask <16760>						549643
1	24448752	24448761	#FFC0CB	1.0	ProfTask <16790>						549645
1	24452039	24452061	#FFC0CB	1.0	ProfTask <16792>						549647
1	24476701	24476711	#FFC0CB	1.0	ProfTask <16814>						549649
1	24480045	24480048	#FFC0CB	1.0	ProfTask <16817>						549651
1	24486748	24486751	#FFC0CB	1.0	ProfTask <16823>						549653
1	24493540	24493543	#FFC0CB	1.0	ProfTask <16829>						549655
1	24497774	24497784	#FFC0CB	1.0	ProfTask <16832>						549657
1	24502635	24502638	#FFC0CB	1.0	ProfTask <16836>						549659
1	24514225	24514233	#FFC0CB	1.0	ProfTask <16847>						549661
1	24552050	24552060	#FFC0CB	1.0	ProfTask <16879>						549663
1	24561074	24561077	#FFC0CB	1.0	ProfTask <16892>						549665
1	24574690	24574694	#FFC0CB	1.0	ProfTask <16904>						549667
1	24607604	24607615	#FFC0CB	1.0	ProfTask <16932>						549669
1	24628296	24628307	#FFC0CB	1.0	ProfTask <16950>						549671
1	24642545	24642549	#FFC0CB	1.0	ProfTask <16962>						549673
1	24685946	24685950	#FFC0CB	1.0	ProfTask <17000>						549675
1	24688203	24688206	#FFC0CB	1.0	ProfTask <17002>						549677
1	24699393	24699397	#FFC0CB	1.0	ProfTask <17012>						549679
1	24700280	24700283	#FFC0CB	1.0	ProfTask <17012>						549681
1	24722025	24722039	#FFC0CB	1.0	ProfTask <17032>						549683
1	24737874	24737881	#FFC0CB	1.0	ProfTask <17046>						549685
1	24746665	24746671	#FFC0CB	1.0	ProfTask <17054>						549687
1	24773492	24773498	#FFC0CB	1.0	ProfTask <17078>						549689
1	24815846	24815852	#FFC0CB	1.0	ProfTask <17116>						549691
1	24822788	24822798	#FFC0CB	1.0	ProfTask <17122>						549693
1	24843510	24843514	#FFC0CB	1.0	ProfTask <17140>						549695
1	24846823	24846827	#FFC0CB	1.0	ProfTask <17143>						549697
1	24859093	24859096	#FFC0CB	1.0	ProfTask <17153>						549699
1	24860268	24860277	#FFC0CB	1.0	ProfTask <17154>						549701
1	24869359	24869368	#FFC0CB	1.0	ProfTask <17162>						549703
1	24880849	24880852	#FFC0CB	1.0	ProfTask <17173>						549705
1	24889902	24889906	#FFC0CB	1.0	ProfTask <17180>						549707
1	24920907	24920911	#FFC0CB	1.0	ProfTask <17207>						549709
1	24927141	24927144	#FFC0CB	1.0	ProfTask <17212>						549711
1	24929468	24929477	#FFC0CB	1.0	ProfTask <17214>						549713
1	24931685	24931694	#FFC0CB	1.0	ProfTask <17216>						549715
1	24942409	24942413	#FFC0CB	1.0	ProfTask <17225>						549717
1	24981430	24981433	#FFC0CB	1.0	ProfTask <17260>						549719
1	24984768	24984771	#FFC0CB	1.0	ProfTask <17263>						549721
1	25005501	25005504	#FFC0CB	1.0	ProfTask <17281>						549723
1	25009801	25009809	#FFC0CB	1.0	ProfTask <17284>						549725
1	25017647	25017651	#FFC0CB	1.0	ProfTask <17291>						549727
1	25036889	25036910	#FFC0CB	1.0	ProfTask <17308>						549729
1	25068363	25068366	#FFC0CB	1.0	ProfTask <17335>						549731
1	25094859	25094862	#FFC0CB	1.0	ProfTask <17359>						549733
1	25132913	25132921	#FFC0CB	1.0	ProfTask <17390>						549735
1	25167097	25167107	#FFC0CB	1.0	ProfTask <17423>						549737
1	25202111	25202115	#FFC0CB	1.0	ProfTask <17455>						549739
1	25217743	25217746	#FFC0CB	1.0	ProfTask <17469>						549741
1	25226687	25226697	#FFC0CB	1.0	ProfTask <17476>						549743
1	25240723	25240733	#FFC0CB	1.0	ProfTask <17488>						549745
1	25277887	25277908	#FFC0CB	1.0	ProfTask <17521>						549747
1	25279321	25279331	#FFC0CB	1.0	ProfTask <17522>						549749
1	25295109	25295112	#FFC0CB	1.0	ProfTask <17537>						549751
1	25315692	25315697	#FFC0CB	1.0	ProfTask <17555>						549753
1	25324377	25324380	#FFC0CB	1.0	ProfTask <17563>						549755
1	25387629	25387640	#FFC0CB	1.0	ProfTask <17623>						549757
1	25406874	25406882	#FFC0CB	1.0	ProfTask						549759
1	25408550	25408554	#FFC0CB	1.0	ProfTask <17641>						549761
1	25490753	25490757	#FFC0CB	1.0	ProfTask <17712>						549763
1	25494253	25494257	#FFC0CB	1.0	ProfTask <17715>						549765
1	25503978	25504000	#FFC0CB	1.0	ProfTask <17723>						549767
1	25509767	25509777	#FFC0CB	1.0	ProfTask <17728>						549769
1	25522095	25522099	#FFC0CB	1.0	ProfTask <17739>						549771
1	25677517	25677529	#FFC0CB	1.0	ProfTask <17875>						549773
1	25716848	25716949	#3a00ff	1.0	__binary_double_double_* <17911>						19988
1	25717203	25717212	#FFC0CB	1.0	ProfTask <17911>						549775
1	25718313	25718317	#FFC0CB	1.0	ProfTask <17913>						549777
1	25724863	25724867	#FFC0CB	1.0	ProfTask <17919>						549779
1	25725792	25725795	#FFC0CB	1.0	ProfTask <17919>						549781
1	25741881	25741884	#FFC0CB	1.0	ProfTask <17940>						549783
1	25782706	25782710	#FFC0CB	1.0	ProfTask <17974>						549785
1	25823442	25823446	#FFC0CB	1.0	ProfTask <18010>						549787
1	25880794	25880822	#FFC0CB	1.0	ProfTask <18060>						549789
1	25905141	25905150	#FFC0CB	1.0	ProfTask <18082>						549791
1	25916082	25916086	#FFC0CB	1.0	ProfTask <18092>						549793
1	25932960	25932963	#FFC0CB	1.0	ProfTask <18106>						549795
1	25943073	25943077	#FFC0CB	1.0	ProfTask <18114>						549797
1	25947614	25947621	#FFC0CB	1.0	ProfTask <18118>						549799
1	25947840	25947847	#FFC0CB	1.0	ProfTask <18118>						549801
1	25959221	25959224	#FFC0CB	1.0	ProfTask <18128>						549803
1	26047088	26047095	#FFC0CB	1.0	ProfTask <18209>						549805
1	26143437	26143449	#FFC0CB	1.0	ProfTask <18294>						549807
1	26149032	26149042	#FFC0CB	1.0	ProfTask <18299>						549809
1	26150185	26150195	#FFC0CB	1.0	ProfTask <18300>						549811
1	26216943	26216951	#FFC0CB	1.0	ProfTask <18359>						549813
1	26217948	26217959	#FFC0CB	1.0	ProfTask <18360>						549815
1	26223012	26223022	#FFC0CB	1.0	ProfTask <18364>						549817
1	26226708	26226712	#FFC0CB	1.0	ProfTask <18367>						549819
1	26233632	26233635	#FFC0CB	1.0	ProfTask <18374>						549821
1	26240427	26240437	#FFC0CB	1.0	ProfTask <18380>						549823
1	26266655	26266666	#FFC0CB	1.0	ProfTask <18402>						549825
1	26360064	26360082	#FFC0CB	1.0	ProfTask <18485>						549827
1	26389828	26389831	#FFC0CB	1.0	ProfTask <18511>						549829
1	26408996	26409005	#FFC0CB	1.0	ProfTask <18529>						549831
1	26412088	26412092	#FFC0CB	1.0	ProfTask <18531>						549833
1	26471866	26471870	#FFC0CB	1.0	ProfTask <18585>						549835
1	26517983	26517990	#FFC0CB	1.0	ProfTask <18627>						549837
1	26555780	26555785	#FFC0CB	1.0	ProfTask <18660>						549839
1	26557667	26557686	#FFC0CB	1.0	ProfTask <18661>						549841
1	26568672	26568681	#FFC0CB	1.0	ProfTask <18670>						549843
1	26659801	26659812	#FFC0CB	1.0	ProfTask <18754>						549845
1	26741682	26741693	#FFC0CB	1.0	ProfTask <18826>						549847
1	26784651	26784661	#FFC0CB	1.0	ProfTask <18862>						549849
1	26793055	26793060	#FFC0CB	1.0	ProfTask <18869>						549851
1	26793145	26793155	#FFC0CB	1.0	ProfTask <18869>						549853
1	26795562	26795566	#FFC0CB	1.0	ProfTask <18871>						549855
1	26814082	26814095	#FFC0CB	1.0	ProfTask <18885>						549857
1	26818486	26818490	#FFC0CB	1.0	ProfTask <18889>						549859
1	26834318	26834321	#FFC0CB	1.0	ProfTask <18904>						549861
1	26899092	26899096	#FFC0CB	1.0	ProfTask						549863
1	26923837	26923850	#FFC0CB	1.0	ProfTask <18458>						549865
1	26931074	26931088	#FFC0CB	1.0	ProfTask <18988>						549867
1	27051422	27051429	#FFC0CB	1.0	ProfTask <19098>						549869
1	27085408	27085412	#FFC0CB	1.0	ProfTask <19128>						549871
1	27167755	27167776	#FFC0CB	1.0	ProfTask <19194>						549873
1	27213944	27213970	#FFC0CB	1.0	ProfTask <19237>						549875
1	27257977	27257981	#FFC0CB	1.0	ProfTask <19275>						549877
1	27261245	27261256	#FFC0CB	1.0	ProfTask <19278>						549879
1	27268237	27268241	#FFC0CB	1.0	ProfTask <19284>						549881
1	27271649	27271652	#FFC0CB	1.0	ProfTask <19287>						549883
1	27272786	27272789	#FFC0CB	1.0	ProfTask <19288>						549885
1	27357300	27357312	#FFC0CB	1.0	ProfTask <19363>						549887
1	27392008	27392018	#FFC0CB	1.0	ProfTask <19393>						549889
1	27445953	27445964	#FFC0CB	1.0	ProfTask <19440>						549891
1	27510984	27510987	#FFC0CB	1.0	ProfTask <19497>						549893
1	27524980	27525011	#FFC0CB	1.0	ProfTask <18985>						549895
1	27602947	27602959	#FFC0CB	1.0	ProfTask <19581>						549897
1	27616755	27616765	#FFC0CB	1.0	ProfTask <19593>						549899
1	27631872	27631875	#FFC0CB	1.0	ProfTask <19607>						549901
1	27814723	27814732	#FFC0CB	1.0	ProfTask <19769>						549903
1	27818042	27818054	#FFC0CB	1.0	ProfTask <19772>						549905
1	27848009	27848013	#FFC0CB	1.0	ProfTask <19797>						549907
1	27886114	27886117	#FFC0CB	1.0	ProfTask <19830>						549909
1	27936342	27936346	#FFC0CB	1.0	ProfTask <19873>						549911
1	27939914	27939917	#FFC0CB	1.0	ProfTask <19877>						549913
1	27964588	27964592	#FFC0CB	1.0	ProfTask <19898>						549915
1	27967446	27967455	#FFC0CB	1.0	ProfTask <19901>						549917
1	27969331	27969340	#FFC0CB	1.0	ProfTask <19902>						549919
1	27985894	27985898	#FFC0CB	1.0	ProfTask <19916>						549921
1	27990532	27990535	#FFC0CB	1.0	ProfTask <19920>						549923
1	27995409	27995412	#FFC0CB	1.0	ProfTask <19925>						549925
1	28048156	28048165	#FFC0CB	1.0	ProfTask <19971>						549927
1	28060529	28060533	#FFC0CB	1.0	ProfTask <19982>						549929
1	28085025	28085028	#FFC0CB	1.0	ProfTask <20004>						549931
1	28115917	28115922	#FFC0CB	1.0	ProfTask <20031>						549933
1	28155502	28155513	#FFC0CB	1.0	ProfTask <20070>						549935
1	28177946	28177949	#FFC0CB	1.0	ProfTask <20090>						549937
1	28205231	28205240	#FFC0CB	1.0	ProfTask <20114>						549939
1	28268405	28268408	#FFC0CB	1.0	ProfTask <20169>						549941
1	28319268	28319272	#FFC0CB	1.0	ProfTask <20214>						549943
1	28350656	28350659	#FFC0CB	1.0	ProfTask <20242>						549945
1	28361510	28361513	#FFC0CB	1.0	ProfTask <20251>						549947
1	28363987	28364007	#FFC0CB	1.0	ProfTask <20251>						549949
1	28393159	28393163	#FFC0CB	1.0	ProfTask <20282>						549951
1	28431966	28431989	#FFC0CB	1.0	ProfTask <20316>						549953
1	28436447	28436456	#FFC0CB	1.0	ProfTask <20320>						549955
1	28452566	28452575	#FFC0CB	1.0	ProfTask <20335>						549957
1	28467129	28467145	#FFC0CB	1.0	ProfTask <20347>						549959
1	28595710	28595720	#FFC0CB	1.0	ProfTask <20461>						549961
1	28600134	28600139	#FFC0CB	1.0	ProfTask <20465>						549963
1	28608098	28608102	#FFC0CB	1.0	ProfTask <20473>						549965
1	28627258	28627261	#FFC0CB	1.0	ProfTask <20489>						549967
1	28647740	28647749	#FFC0CB	1.0	ProfTask <20507>						549969
1	28694154	28694158	#FFC0CB	1.0	ProfTask <20548>						549971
1	28695143	28695152	#FFC0CB	1.0	ProfTask <20549>						549973
1	28705196	28705201	#FFC0CB	1.0	ProfTask <20557>						549975
1	28879806	28879810	#FFC0CB	1.0	ProfTask <20706>						549977
1	28894251	28894255	#FFC0CB	1.0	ProfTask <20719>						549979
1	28898696	28898704	#FFC0CB	1.0	ProfTask <20723>						549981
1	28913316	28913320	#FFC0CB	1.0	ProfTask <20737>						549983
1	28920871	28920875	#FFC0CB	1.0	ProfTask <20743>						549985
1	28944473	28944476	#FFC0CB	1.0	ProfTask <20764>						549987
1	28971644	28971653	#FFC0CB	1.0	ProfTask <20791>						549989
1	28982991	28982998	#FFC0CB	1.0	ProfTask <20802>						549991
1	28987246	28987253	#FFC0CB	1.0	ProfTask <20805>						549993
1	28991685	28991688	#FFC0CB	1.0	ProfTask <20809>						549995
1	29026466	29026473	#FFC0CB	1.0	ProfTask <20841>						549997
1	29039837	29039849	#FFC0CB	1.0	ProfTask <20852>						549999
1	29057702	29057712	#FFC0CB	1.0	ProfTask <20868>						550001
1	29063473	29063476	#FFC0CB	1.0	ProfTask <20874>						550003
1	29081322	29081325	#FFC0CB	1.0	ProfTask <20889>						550005
1	29180893	29180906	#FFC0CB	1.0	ProfTask <20977>						550007
1	29233740	29233744	#FFC0CB	1.0	ProfTask <21024>						550009
1	29234618	29234621	#FFC0CB	1.0	ProfTask <21024>						550011
1	29237036	29237044	#FFC0CB	1.0	ProfTask <21027>						550013
1	29240740	29240744	#FFC0CB	1.0	ProfTask <21030>						550015
1	29310387	29310390	#FFC0CB	1.0	ProfTask <20566>						550017
1	29359503	29359507	#FFC0CB	1.0	ProfTask <21134>						550019
1	29363868	29363878	#FFC0CB	1.0	ProfTask <21138>						550021
1	29436483	29436505	#FFC0CB	1.0	ProfTask <21201>						550023
1	29511166	29511169	#FFC0CB	1.0	ProfTask <21268>						550025
1	29511908	29511918	#FFC0CB	1.0	ProfTask <21268>						550027
1	29534753	29534756	#FFC0CB	1.0	ProfTask <21288>						550029
1	29542738	29542747	#FFC0CB	1.0	ProfTask <21295>						550031
1	29586262	29586266	#FFC0CB	1.0	ProfTask <21336>						550033
1	29591818	29591826	#FFC0CB	1.0	ProfTask <21341>						550035
1	29597747	29597756	#FFC0CB	1.0	ProfTask <21346>						550037
1	29635148	29635151	#FFC0CB	1.0	ProfTask <21380>						550039
1	29647191	29647201	#FFC0CB	1.0	ProfTask <21390>						550041
1	29653617	29653644	#FFC0CB	1.0	ProfTask <21395>						550043
1	29662814	29662818	#FFC0CB	1.0	ProfTask <21404>						550045
1	29717467	29717471	#FFC0CB	1.0	ProfTask <21452>						550047
1	29830296	29830305	#FFC0CB	1.0	ProfTask <21552>						550049
1	29861363	29861371	#FFC0CB	1.0	ProfTask <21580>						550051
1	29964201	29964209	#FFC0CB	1.0	ProfTask <21669>						550053
1	30057714	30057727	#FFC0CB	1.0	ProfTask <21741>						550055
1	30080330	30080341	#FFC0CB	1.0	ProfTask <21761>						550057
1	30095025	30095034	#FFC0CB	1.0	ProfTask <21775>						550059
1	30145296	30145301	#FFC0CB	1.0	ProfTask <21819>						550061
1	30157053	30157057	#FFC0CB	1.0	ProfTask <21829>						550063
1	30164043	30164054	#FFC0CB	1.0	ProfTask <21834>						550065
1	30205359	30205369	#FFC0CB	1.0	ProfTask <21873>						550067
1	30267361	30267370	#FFC0CB	1.0	ProfTask <21928>						550069
1	30287058	30287085	#FFC0CB	1.0	ProfTask <21944>						550071
1	30316703	30316716	#FFC0CB	1.0	ProfTask <21970>						550073
1	30326409	30326420	#FFC0CB	1.0	ProfTask <21979>						550075
1	30478678	30478683	#FFC0CB	1.0	ProfTask <22114>						550077
1	30574396	30574408	#FFC0CB	1.0	ProfTask <22202>						550079
1	30579137	30579146	#FFC0CB	1.0	ProfTask <22206>						550081
1	30632446	30632466	#FFC0CB	1.0	ProfTask <22253>						550083
1	30744432	30744445	#FFC0CB	1.0	ProfTask <22352>						550085
1	30745289	30745293	#FFC0CB	1.0	ProfTask <22352>						550087
1	30753130	30753146	#FFC0CB	1.0	ProfTask <22364>						550089
1	30885669	30885680	#FFC0CB	1.0	ProfTask <22476>						550091
1	30885761	30885766	#FFC0CB	1.0	ProfTask <22476>						550093
1	30885803	30885807	#FFC0CB	1.0	ProfTask <22476>						550095
1	30947870	30947887	#FFC0CB	1.0	ProfTask <22531>						550097
1	30949317	30949322	#FFC0CB	1.0	ProfTask <22533>						550099
1	31003970	31003982	#FFC0CB	1.0	ProfTask <22581>						550101
1	31009430	31009529	#3a00ff	1.0	__binary_double_double_* <22585>						131942
1	31015182	31015192	#FFC0CB	1.0	ProfTask <22590>						550103
1	31016475	31016483	#FFC0CB	1.0	ProfTask <22591>						550105
1	31032330	31032347	#FFC0CB	1.0	ProfTask <22605>						550107
1	31036683	31036689	#FFC0CB	1.0	ProfTask <22609>						550109
1	31038112	31038116	#FFC0CB	1.0	ProfTask <22611>						550111
1	31041082	31041091	#FFC0CB	1.0	ProfTask <22614>						550113
1	31044589	31044593	#FFC0CB	1.0	ProfTask <22617>						550115
1	31047091	31047096	#FFC0CB	1.0	ProfTask <22618>						550117
1	31052828	31052838	#FFC0CB	1.0	ProfTask <22623>						550119
1	31053921	31053926	#FFC0CB	1.0	ProfTask <22624>						550121
1	31055385	31055388	#FFC0CB	1.0	ProfTask <22626>						550123
1	31058763	31058767	#FFC0CB	1.0	ProfTask <22629>						550125
1	31096136	31096140	#FFC0CB	1.0	ProfTask <22662>						550127
1	31107961	31107974	#FFC0CB	1.0	ProfTask						550129
1	31111234	31111238	#FFC0CB	1.0	ProfTask <22673>						550131
1	31118184	31118188	#FFC0CB	1.0	ProfTask <22682>						550133
1	31119494	31119498	#FFC0CB	1.0	ProfTask <22685>						550135
1	31120371	31120376	#FFC0CB	1.0	ProfTask <22685>						550137
1	31120589	31120592	#FFC0CB	1.0	ProfTask <22685>						550139
1	31133752	31133759	#FFC0CB	1.0	ProfTask <22697>						550141
1	31140356	31140360	#FFC0CB	1.0	ProfTask <22703>						550143
1	31142568	31142571	#FFC0CB	1.0	ProfTask <22705>						550145
1	31155332	31155336	#FFC0CB	1.0	ProfTask <22717>						550147
1	31217044	31217060	#FFC0CB	1.0	ProfTask <22773>						550149
1	31277401	31277411	#FFC0CB	1.0	ProfTask <22827>						550151
1	31287246	31287254	#FFC0CB	1.0	ProfTask <22836>						550153
1	31294970	31294978	#FFC0CB	1.0	ProfTask <22843>						550155
1	31297120	31297124	#FFC0CB	1.0	ProfTask <22845>						550157
1	31305800	31305812	#FFC0CB	1.0	ProfTask <22853>						550159
1	31306016	31306027	#FFC0CB	1.0	ProfTask <22853>						550161
1	31318397	31318408	#FFC0CB	1.0	ProfTask <22865>						550163
1	31398619	31398630	#FFC0CB	1.0	ProfTask <22937>						550165
1	31434069	31434094	#FFC0CB	1.0	ProfTask <22968>						550167
1	31439093	31439103	#FFC0CB	1.0	ProfTask <22973>						550169
1	31446662	31446678	#FFC0CB	1.0	ProfTask <22979>						550171
1	31447960	31447969	#FFC0CB	1.0	ProfTask <22980>						550173
1	31477129	31477139	#FFC0CB	1.0	ProfTask <22995>						550175
1	31490867	31490878	#FFC0CB	1.0	ProfTask <23007>						550177
1	31497786	31497796	#FFC0CB	1.0	ProfTask <23013>						550179
1	31502341	31502345	#FFC0CB	1.0	ProfTask <23018>						550181
1	31577122	31577138	#FFC0CB	1.0	ProfTask <23084>						550183
1	31624030	31624035	#FFC0CB	1.0	ProfTask <23126>						550185
1	31633736	31633747	#FFC0CB	1.0	ProfTask <23134>						550187
1	31647736	31647755	#FFC0CB	1.0	ProfTask <23146>						550189
1	31678516	31678528	#FFC0CB	1.0	ProfTask <23173>						550191
1	31686741	31686755	#FFC0CB	1.0	ProfTask <23180>						550193
1	31709891	31709904	#FFC0CB	1.0	ProfTask <23200>						550195
1	31721477	31721489	#FFC0CB	1.0	ProfTask <23214>						550197
1	31741381	31741384	#FFC0CB	1.0	ProfTask <23232>						550199
1	31799517	31799520	#FFC0CB	1.0	ProfTask <23284>						550201
1	31810775	31810778	#FFC0CB	1.0	ProfTask <23294>						550203
1	31964378	31964402	#FFC0CB	1.0	ProfTask <23433>						550205
1	31968620	31968630	#FFC0CB	1.0	ProfTask <23437>						550207
1	31975011	31975015	#FFC0CB	1.0	ProfTask <23443>						550209
1	32148928	32148937	#FFC0CB	1.0	ProfTask <23599>						550211
1	32155658	32155662	#FFC0CB	1.0	ProfTask <23605>						550213
1	32181184	32181195	#FFC0CB	1.0	ProfTask <23627>						550215
1	32263868	32263876	#FFC0CB	1.0	ProfTask <23701>						550217
1	32276133	32276153	#FFC0CB	1.0	ProfTask <23712>						550219
1	32346207	32346221	#FFC0CB	1.0	ProfTask <23776>						550221
1	32350028	32350031	#FFC0CB	1.0	ProfTask <23779>						550223
1	32472410	32472419	#FFC0CB	1.0	ProfTask <23885>						550225
1	32476975	32476989	#FFC0CB	1.0	ProfTask <23889>						550227
1	32479487	32479491	#FFC0CB	1.0	ProfTask <23891>						550229
1	32510126	32510137	#FFC0CB	1.0	ProfTask <23917>						550231
1	32510283	32510294	#FFC0CB	1.0	ProfTask <23917>						550233
1	32513969	32513973	#FFC0CB	1.0	ProfTask <23921>						550235
1	32540446	32540565	#00ff75	1.0	__binary_double_double_/ <23940>						55976
1	32545949	32545960	#FFC0CB	1.0	ProfTask <23950>						550237
1	32560985	32560993	#FFC0CB	1.0	ProfTask <23952>						550239
1	32585566	32585577	#FFC0CB	1.0	ProfTask <23973>						550241
1	32595731	32595741	#FFC0CB	1.0	ProfTask <23982>						550243
1	32603832	32603854	#FFC0CB	1.0	ProfTask <23989>						550245
1	32613260	32613274	#FFC0CB	1.0	ProfTask <23997>						550247
1	32631161	32631167	#FFC0CB	1.0	ProfTask <24012>						550249
1	32647748	32647752	#FFC0CB	1.0	ProfTask <24027>						550251
1	32708475	32708497	#FFC0CB	1.0	ProfTask <24079>						550253
1	32755097	32755101	#FFC0CB	1.0	ProfTask <24120>						550255
1	32802384	32802394	#FFC0CB	1.0	ProfTask <24162>						550257
1	32809066	32809070	#FFC0CB	1.0	ProfTask <24168>						550259
1	32832196	32832199	#FFC0CB	1.0	ProfTask <24189>						550261
1	32836646	32836650	#FFC0CB	1.0	ProfTask <24192>						550263
1	32839112	32839115	#FFC0CB	1.0	ProfTask <24195>						550265
1	32904997	32905006	#FFC0CB	1.0	ProfTask						550267
1	32911998	32912008	#FFC0CB	1.0	ProfTask <24256>						550269
1	32943925	32943930	#FFC0CB	1.0	ProfTask <24290>						550271
1	32952036	32952041	#FFC0CB	1.0	ProfTask <24296>						550273
1	32954295	32954299	#FFC0CB	1.0	ProfTask <24298>						550275
1	32965494	32965504	#FFC0CB	1.0	ProfTask <24308>						550277
1	33012473	33012485	#FFC0CB	1.0	ProfTask <24350>						550279
1	33014725	33014729	#FFC0CB	1.0	ProfTask <24352>						550281
1	33023593	33023598	#FFC0CB	1.0	ProfTask <24360>						550283
1	33025770	33025773	#FFC0CB	1.0	ProfTask <24362>						550285
1	33039128	33039131	#FFC0CB	1.0	ProfTask <24374>						550287
1	33050422	33050430	#FFC0CB	1.0	ProfTask <24384>						550289
1	33063840	33063843	#FFC0CB	1.0	ProfTask <24396>						550291
1	33079463	33079467	#FFC0CB	1.0	ProfTask <24410>						550293
1	33095123	33095126	#FFC0CB	1.0	ProfTask <24424>						550295
1	33110679	33110681	#FFC0CB	1.0	ProfTask <24438>						550297
1	33115104	33115108	#FFC0CB	1.0	ProfTask <24442>						550299
1	33124082	33124090	#FFC0CB	1.0	ProfTask <24450>						550301
1	33149152	33149163	#FFC0CB	1.0	ProfTask <24474>						550303
1	33171977	33171996	#FFC0CB	1.0	ProfTask <24494>						550305
1	33196131	33196134	#FFC0CB	1.0	ProfTask <24506>						550307
1	33214129	33214132	#FFC0CB	1.0	ProfTask <24521>						550309
1	33217503	33217511	#FFC0CB	1.0	ProfTask <24524>						550311
1	33220860	33220863	#FFC0CB	1.0	ProfTask <24527>						550313
1	33230975	33230978	#FFC0CB	1.0	ProfTask <24536>						550315
1	33233386	33233390	#FFC0CB	1.0	ProfTask <24539>						550317
1	33242123	33242126	#FFC0CB	1.0	ProfTask <24546>						550319
1	33259347	33259350	#FFC0CB	1.0	ProfTask <24561>						550321
1	33325947	33325963	#FFC0CB	1.0	ProfTask <24620>						550323
1	33366966	33366977	#FFC0CB	1.0	ProfTask <24656>						550325
1	33374813	33374822	#FFC0CB	1.0	ProfTask <24663>						550327
1	33400040	33400050	#FFC0CB	1.0	ProfTask <24686>						550329
1	33447511	33447520	#FFC0CB	1.0	ProfTask <24727>						550331
1	33452930	33452944	#FFC0CB	1.0	ProfTask <24732>						550333
1	33465545	33465558	#FFC0CB	1.0	ProfTask <24743>						550335
1	33469116	33469126	#FFC0CB	1.0	ProfTask <24746>						550337
1	33485838	33485847	#FFC0CB	1.0	ProfTask <24761>						550339
1	33507093	33507119	#FFC0CB	1.0	ProfTask <24255>						550341
1	33525381	33525419	#FFC0CB	1.0	ProfTask <24799>						550343
1	33529933	33529937	#FFC0CB	1.0	ProfTask <24803>						550345
1	33543360	33543367	#FFC0CB	1.0	ProfTask <24815>						550347
1	33571399	33571406	#FFC0CB	1.0	ProfTask <24839>						550349
1	33575816	33575823	#FFC0CB	1.0	ProfTask <24843>						550351
1	33603112	33603127	#FFC0CB	1.0	ProfTask <24867>						550353
1	33623590	33623603	#FFC0CB	1.0	ProfTask <24885>						550355
1	33625783	33625787	#FFC0CB	1.0	ProfTask <24887>						550357
1	33627966	33627970	#FFC0CB	1.0	ProfTask <24889>						550359
1	33645947	33645953	#FFC0CB	1.0	ProfTask <24905>						550361
1	33653705	33653716	#FFC0CB	1.0	ProfTask <24911>						550363
1	33715219	33715247	#FFC0CB	1.0	ProfTask <24965>						550365
1	33726622	33726626	#FFC0CB	1.0	ProfTask <24975>						550367
1	33734535	33734542	#FFC0CB	1.0	ProfTask <24981>						550369
1	33766593	33766601	#FFC0CB	1.0	ProfTask <25012>						550371
1	33780193	33780196	#FFC0CB	1.0	ProfTask <25024>						550373
1	33825475	33825485	#FFC0CB	1.0	ProfTask <25063>						550375
1	33828843	33828847	#FFC0CB	1.0	ProfTask <25066>						550377
1	33845961	33845965	#FFC0CB	1.0	ProfTask <25081>						550379
1	33846654	33846752	#008aff	1.0	__binary_double_double_- <25081>						133410
1	33874345	33874353	#FFC0CB	1.0	ProfTask <25105>						550381
1	33881998	33882002	#FFC0CB	1.0	ProfTask <25112>						550383
1	33883529	33883540	#FFC0CB	1.0	ProfTask <25114>						550385
1	33892403	33892406	#FFC0CB	1.0	ProfTask <25121>						550387
1	33893649	33893660	#FFC0CB	1.0	ProfTask <25122>						550389
1	33976533	33976540	#FFC0CB	1.0	ProfTask <25195>						550391
1	33981133	33981138	#FFC0CB	1.0	ProfTask <25198>						550393
1	34001077	34001081	#FFC0CB	1.0	ProfTask <25216>						550395
1	34004398	34004408	#FFC0CB	1.0	ProfTask <25219>						550397
1	34075967	34075970	#FFC0CB	1.0	ProfTask <25282>						550399
1	34111979	34111983	#FFC0CB	1.0	ProfTask <25318>						550401
1	34125906	34125909	#FFC0CB	1.0	ProfTask <25328>						550403
1	34155357	34155360	#FFC0CB	1.0	ProfTask <25354>						550405
1	34174136	34174160	#FFC0CB	1.0	ProfTask <25370>						550407
1	34185582	34185592	#FFC0CB	1.0	ProfTask <25380>						550409
1	34190375	34190378	#FFC0CB	1.0	ProfTask <25384>						550411
1	34196217	34196221	#FFC0CB	1.0	ProfTask <25390>						550413
1	34214978	34214981	#FFC0CB	1.0	ProfTask <25406>						550415
1	34215084	34215093	#FFC0CB	1.0	ProfTask <25406>						550417
1	34229764	34229767	#FFC0CB	1.0	ProfTask <25420>						550419
1	34244281	34244285	#FFC0CB	1.0	ProfTask <25432>						550421
1	34263289	34263292	#FFC0CB	1.0	ProfTask <25438>						550423
1	34274902	34274905	#FFC0CB	1.0	ProfTask <25448>						550425
1	34283893	34283898	#FFC0CB	1.0	ProfTask <25456>						550427
1	34293256	34293265	#FFC0CB	1.0	ProfTask <25464>						550429
1	34306010	34306013	#FFC0CB	1.0	ProfTask <25476>						550431
1	34306706	34306820	#00ff15	1.0	__binary_double_double_+ <25476>						133616
1	34310444	34310452	#FFC0CB	1.0	ProfTask <25480>						550433
1	34324904	34324908	#FFC0CB	1.0	ProfTask <25492>						550435
1	34346544	34346561	#FFC0CB	1.0	ProfTask <25512>						550437
1	34391735	34391749	#FFC0CB	1.0	ProfTask <25553>						550439
1	34415676	34415680	#FFC0CB	1.0	ProfTask <25575>						550441
1	34419952	34419955	#FFC0CB	1.0	ProfTask <25578>						550443
1	34440190	34440194	#FFC0CB	1.0	ProfTask <25596>						550445
1	34459573	34459577	#FFC0CB	1.0	ProfTask <25614>						550447
1	34493220	34493229	#FFC0CB	1.0	ProfTask <25644>						550449
1	34496525	34496528	#FFC0CB	1.0	ProfTask <25647>						550451
1	34513330	34513334	#FFC0CB	1.0	ProfTask <25662>						550453
1	34530068	34530071	#FFC0CB	1.0	ProfTask <25677>						550455
1	34553810	34553813	#FFC0CB	1.0	ProfTask <25698>						550457
1	34567180	34567184	#FFC0CB	1.0	ProfTask <25710>						550459
1	34568228	34568235	#FFC0CB	1.0	ProfTask <25710>						550461
1	34586319	34586323	#FFC0CB	1.0	ProfTask <25726>						550463
1	34587622	34587626	#FFC0CB	1.0	ProfTask <25728>						550465
1	34591888	34591897	#FFC0CB	1.0	ProfTask <25731>						550467
1	34608146	34608149	#FFC0CB	1.0	ProfTask <25746>						550469
1	34651881	34651889	#FFC0CB	1.0	ProfTask <25785>						550471
1	34677775	34677779	#FFC0CB	1.0	ProfTask <25807>						550473
1	34745241	34745244	#FFC0CB	1.0	ProfTask <25869>						550475
1	34785797	34785801	#FFC0CB	1.0	ProfTask <25903>						550477
1	34787124	34787127	#FFC0CB	1.0	ProfTask <25905>						550479
1	34802143	34802146	#FFC0CB	1.0	ProfTask <25917>						550481
1	34806620	34806629	#FFC0CB	1.0	ProfTask <25921>						550483
1	34812305	34812308	#FFC0CB	1.0	ProfTask <25927>						550485
1	34832660	34832662	#FFC0CB	1.0	ProfTask <25945>						550487
1	34839561	34839564	#FFC0CB	1.0	ProfTask <25951>						550489
1	34855398	34855401	#FFC0CB	1.0	ProfTask <25965>						550491
1	34879973	34879981	#FFC0CB	1.0	ProfTask <25987>						550493
1	34884764	34884767	#FFC0CB	1.0	ProfTask <25991>						550495
1	34906683	34906693	#FFC0CB	1.0	ProfTask <26009>						550497
1	34938249	34938252	#FFC0CB	1.0	ProfTask <26037>						550499
1	34959418	34959429	#FFC0CB	1.0	ProfTask <26057>						550501
1	34967643	34967651	#FFC0CB	1.0	ProfTask <26064>						550503
1	34968945	34968948	#FFC0CB	1.0	ProfTask <26066>						550505
1	34988113	34988116	#FFC0CB	1.0	ProfTask <26082>						550507
1	35009686	35009689	#FFC0CB	1.0	ProfTask <26102>						550509
1	35016362	35016365	#FFC0CB	1.0	ProfTask <26108>						550511
1	35035576	35035584	#FFC0CB	1.0	ProfTask <26124>						550513
1	35037849	35037852	#FFC0CB	1.0	ProfTask <26126>						550515
1	35065403	35065406	#FFC0CB	1.0	ProfTask <26150>						550517
1	35081841	35081845	#FFC0CB	1.0	ProfTask <26165>						550519
1	35090801	35090804	#FFC0CB	1.0	ProfTask <26172>						550521
1	35099915	35099918	#FFC0CB	1.0	ProfTask <26180>						550523
1	35134413	35134423	#FFC0CB	1.0	ProfTask <26210>						550525
1	35138906	35138910	#FFC0CB	1.0	ProfTask <26214>						550527
1	35185908	35185911	#FFC0CB	1.0	ProfTask <26255>						550529
1	35206259	35206274	#FFC0CB	1.0	ProfTask <26273>						550531
1	35225518	35225522	#FFC0CB	1.0	ProfTask <26291>						550533
1	35240088	35240096	#FFC0CB	1.0	ProfTask <26303>						550535
1	35246833	35246836	#FFC0CB	1.0	ProfTask <26309>						550537
1	35249439	35249442	#FFC0CB	1.0	ProfTask <26312>						550539
1	35256942	35256951	#FFC0CB	1.0	ProfTask <26318>						550541
1	35260407	35260417	#FFC0CB	1.0	ProfTask <26321>						550543
1	35276941	35276944	#FFC0CB	1.0	ProfTask <26336>						550545
1	35295795	35295803	#FFC0CB	1.0	ProfTask <26352>						550547
